<?xml version="1.0" encoding="UTF-8"?>
<configurationDescriptor version="95">
  <logicalFolder name="root" displayName="root" projectFiles="true" kind="ROOT">
    <df root="." name="0">
      <df name="source">
        <df name="state">
          <in>pkmCombat.c</in>
          <in>pkmCombatFields.c</in>
          <in>pkmGeneral.c</in>
          <in>pkmGeneralFields.c</in>
          <in>pkmManage.c</in>
          <in>pkmSelect.c</in>
          <in>utils.c</in>
        </df>
        <in>UI.c</in>
        <in>fs.c</in>
        <in>main.c</in>
        <in>overlay.c</in>
        <in>pkx.c</in>
        <in>sav.c</in>
      </df>
    </df>
    <logicalFolder name="ExternalFiles"
                   displayName="Important Files"
                   projectFiles="false"
                   kind="IMPORTANT_FILES_FOLDER">
      <itemPath>Makefile</itemPath>
    </logicalFolder>
  </logicalFolder>
  <sourceFolderFilter>^(nbproject)$</sourceFolderFilter>
  <sourceRootList>
    <Elem>.</Elem>
  </sourceRootList>
  <projectmakefile>Makefile</projectmakefile>
  <confs>
    <conf name="Default" type="0">
      <toolsSet>
        <compilerSet>default</compilerSet>
        <dependencyChecking>false</dependencyChecking>
        <rebuildPropChanged>false</rebuildPropChanged>
      </toolsSet>
      <codeAssistance>
      </codeAssistance>
      <makefileType>
        <makeTool>
          <buildCommandWorkingDir>.</buildCommandWorkingDir>
          <buildCommand>${MAKE} -f Makefile</buildCommand>
          <cleanCommand>${MAKE} -f Makefile clean</cleanCommand>
          <executablePath></executablePath>
          <cTool>
            <incDir>
              <pElem>/opt/devkitpro/devkitARM/include</pElem>
              <pElem>/opt/devkitpro/ctrulib/libctru/include</pElem>
            </incDir>
          </cTool>
          <ccTool>
            <incDir>
              <pElem>/opt/devkitpro/devkitARM/include;/opt/devkitpro/ctrulib/libctru/include</pElem>
            </incDir>
          </ccTool>
        </makeTool>
      </makefileType>
      <item path="source/UI.c" ex="false" tool="0" flavor2="2">
      </item>
      <item path="source/fs.c" ex="false" tool="0" flavor2="2">
      </item>
      <item path="source/main.c" ex="false" tool="0" flavor2="2">
      </item>
      <item path="source/overlay.c" ex="false" tool="0" flavor2="2">
      </item>
      <item path="source/pkx.c" ex="false" tool="0" flavor2="2">
      </item>
      <item path="source/sav.c" ex="false" tool="0" flavor2="2">
      </item>
      <item path="source/state/pkmCombat.c" ex="false" tool="0" flavor2="2">
      </item>
      <item path="source/state/pkmCombatFields.c" ex="false" tool="0" flavor2="2">
      </item>
      <item path="source/state/pkmGeneral.c" ex="false" tool="0" flavor2="2">
      </item>
      <item path="source/state/pkmGeneralFields.c" ex="false" tool="0" flavor2="2">
      </item>
      <item path="source/state/pkmManage.c" ex="false" tool="0" flavor2="2">
      </item>
      <item path="source/state/pkmSelect.c" ex="false" tool="0" flavor2="2">
      </item>
      <item path="source/state/utils.c" ex="false" tool="0" flavor2="2">
      </item>
    </conf>
  </confs>
</configurationDescriptor>
