<?xml version="1.0" encoding="UTF-8"?>
<project-private xmlns="http://www.netbeans.org/ns/project-private/1">
    <code-assistance-data xmlns="http://www.netbeans.org/ns/make-project-private/1">
        <code-model-enabled>true</code-model-enabled>
    </code-assistance-data>
    <data xmlns="http://www.netbeans.org/ns/make-project-private/1">
        <activeConfTypeElem>0</activeConfTypeElem>
        <activeConfIndexElem>0</activeConfIndexElem>
    </data>
    <editor-bookmarks xmlns="http://www.netbeans.org/ns/editor-bookmarks/2" lastBookmarkId="0"/>
    <open-files xmlns="http://www.netbeans.org/ns/projectui-open-files/2">
        <group>
            <file>file:/home/mikey/Desktop/PCHex-master/source/pkx.c</file>
            <file>file:/home/mikey/Desktop/PCHex-master/source/overlay.c</file>
            <file>file:/home/mikey/Desktop/PCHex-master/source/pchex.h</file>
            <file>file:/home/mikey/Desktop/PCHex-master/source/pkx.h</file>
            <file>file:/home/mikey/Desktop/PCHex-master/PCHex/source/main.c</file>
            <file>file:/home/mikey/Desktop/PCHex-master/source/fs.c</file>
            <file>file:/home/mikey/Desktop/PCHex-master/PCHex.png</file>
            <file>file:/home/mikey/Desktop/PCHex-master/source/state/utils.c</file>
            <file>file:/home/mikey/Desktop/PCHex-master/source/sav.c</file>
            <file>file:/home/mikey/Desktop/PCHex-master/source/main.c</file>
            <file>file:/home/mikey/Desktop/PCHex-master/source/state/pkmSelect.c</file>
            <file>file:/home/mikey/Desktop/PCHex-master/data/text/text_Balls_en.txt</file>
        </group>
    </open-files>
</project-private>
